CustomerID,Customer_Name,Customer_Middle,Customer_LastName
1,\,,Alexander
6,Aaron,,Con
18,Aaron,,Li
80,Abigail,,Clark
125,Abigail,H,Wood
137,Abigail,L,Flores
240,Adriana,,Suri
241,Adriana,,Vance
264,,,
320,Alan,,Guo
372,Alberto,,Ramos
480,Alex,M,Carter
560,Alexandra,,Murphy
607,Alexandra,J,Henderson
615,Alexandra,M,Alexander
664,,F,Peterson
720,Alexis,B,Hughes
723,Alexis,D,Wilson
726,Alexis,H,Hall
732,Alexis,L,Ross
782,Alicia,A,Chapman
800,Alisha,,Nath
845,Alison,,Lal
880,Allen,O,Lopez
905,Allison,A,Allen
953,Alvin,A,Zhao
960,Alvin,E,She
973,Alvin,V,Zheng
979,Alyssa,,Lee
1040,Alyssa,S,Wood
1086,Amanda,C,Gonzales
1098,Amanda,M,Bennett
1120,Amber,,Phillips
1200,Andre,E,Arun
1280,Andrew,,Jackson
1300,Andrew,R,Hill
1333,Angel,,Evans
1338,Angel,,Phillips
1360,Angel,H,Roberts
1423,Angelica,,
1440,Angelica,J,Jenkins
1452,Ann,,Gonzalez
1520,Anna,J,Martinez
1568,Annette,,Hill
1580,Anthony,A,Anderson
1600,Antonio,,Gonzales
1680,Arianna,A,Hughes
1687,Arianna,C,Richardson
1699,Arianna,M,Bell
1705,Arianna,W,Price
1760,Arthur,D,Madan
1840,Ashlee,J,Andersen
1917,Audrey,H,Diaz
1920,Audrey,L,Alvarez
1941,Austin,,Zhang
1964,Austin,M,Jai
2000,Bailey,,Collins
2053,Barbara,,Lin
2059,Barbara,,Raji
2080,Barbara,K,Jai
2160,Benjamin,E,Russell
2240,Bianca,,Lu
2302,Blake,,Long
2306,Blake,,Parker
2320,Blake,C,Bryant
2400,Bonnie,L,Chande
2410,Brad,,Nath
2413,Brad,,Tang
2425,Brad,M,Goel
2482,Brandon,,Harris
2560,Brenda,,Malhotra
2640,Brett,L,Rana
2660,Brian,E,Reed
2779,Bridget,E,Chande
2800,Brittany,,Hughes
2880,Bruce,,Torres
2895,Bruce,L,Alonso
3000,Caitlin,A,Howard
3014,Caleb,,Campbell
3023,Caleb,,Li
3026,Caleb,,Patterson
3040,Caleb,A,Parker
3200,Cara,R,Guo
3241,Carla,J,Gonzalez
3261,Carlos,,Howard
3280,Carlos,C,Rivera
3374,Caroline,,Butler
3386,Caroline,,Simmons
3440,Carrie,,Gill
3520,Casey,J,Xu
3541,Cassandra,D,Madan
3604,Catherine,,Sanders
3615,Catherine,L,Murphy
3621,Cecelia,L,Marshall
3664,Cedric,W,Ma
3680,Cesar,L,Perez
3752,Charles,E,Sanders
3760,Charles,J,Strange
3782,Charles,W,Watson
3840,Cheryl,A,Ramos
3868,Chloe,,Harris
3920,Chloe,L,Lopez
3987,Christian,J,Garcia
3989,Christian,J,Hughes
4000,Christian,R,Lee
4080,Christy,,Goel
4097,Christy,A,Andersen
4160,Clarence,,Pal
4182,Clarence,L,Zeng
4222,Clayton,,Kumar
4234,Clayton,,Zeng
4300,Cody,,Reed
4320,Cole,,Gray
4341,Cole,W,Cook
4400,Colleen,,Zheng
4423,Colleen,L,Nara
4446,Connor,,Edwards
4480,Connor,L,Mitchell
4560,Craig,,Gutierrez
4588,Cristina,,Xu
4594,Cristina,J,Deng
4700,Dakota,A,Russell
4720,Dale,A,Tang
4723,Dale,C,Holt
4800,Dalton,M,Coleman
4941,Danielle,J,Cooper
4942,Danielle,J,Sanders
4948,Danny,,Alvarez
4960,Danny,,Suarez
4964,Danny,J,
5040,Darryl,,Hu
5061,Dave,,Richards
5120,David,J,Byrnes
5195,Deanna,,Gomez
5200,Deanna,,Moreno
5241,Deb,,Waldal
5280,Denise,,Prasad
5302,Dennis,,Huang
5314,Dennis,G,Wu
5360,Derrick,C,Moreno
5440,Destiny,L,Flores
5482,Devin,,Nelson
5520,Devin,J,Rivera
5549,Devon,C,Sharma
5600,Diane,L,Suarez
5668,Donald,,Raman
5676,Donald,D,Martinez
5680,Donald,M,Kovár
5760,Drew,D,Rai
5784,Dustin,,Xie
5840,Dylan,C,Long
5915,Eddie,,Gomez
5921,Eddie,A,Alvarez
6000,Eduardo,,Walker
6023,Eduardo,G,Butler
6025,Eduardo,J,Brown
6080,Edward,,Ross
6133,Edwin,,Li
6150,Edwin,A,Deng
6240,Elizabeth,A,White
6275,Emilio,R,Alvaro
6320,Emily,R,Clark
6400,Emmanuel,,Suri
6480,Erica,,Lu
6510,Erick,C,Rana
6522,Erik,,Gill
6541,Erik,S,Gutierrez
6629,Ethan,,Perry
6640,Ethan,A,Clark
6641,Ethan,A,Lal
6664,Ethan,M,Sharma
6720,Evan,C,Sanders
6748,Evelyn,,Perez
6757,Evelyn,D,Rana
6800,Faith,L,Patterson
6876,Fernando,J,Jenkins
6880,Fernando,L,Williams
6960,Frank,,Munoz
7040,Frederick,,Srini
7111,Gabriella,,Cook
7120,Gabriella,,Parker
7123,Gabriella,,Rivera
7182,Gabrielle,,Price
7230,Garrett,,Murphy
7236,Garrett,,Travers
7280,Gary,P,Meyerhoff
7360,Gerald,,Gomez
7363,Gerald,,Martinez
7440,Gilbert,L,Hu
7477,Glenn,,Lu
7482,Glenn,A,Zeng
7483,Glenn,A,Zhang
7520,Gloria,S,Alonso
7600,Grant,,Pal
7602,Grant,A,Andersen
7680,,,
7700,Hailey,J,Coleman
7712,Hailey,M,Lopez
7723,Hailey,R,Rivera
7760,Haley,B,Phillips
7820,Hannah,G,Jenkins
7837,Hao,,Chen
7849,Harold,D,Subram
7920,Heidi,L,Rodriguez
7956,Henry,M,Prasad
8000,Hunter,,Hughes
8080,Ian,,Stewart
8084,Ian,,Young
8160,Isaac,,James
8203,Isabel,,Long
8205,Isabel,,Powell
8209,Isabel,C,Russell
8240,Isabella,,Lopez
8241,Isabella,,Mitchell
8264,Isabella,A,Evans
8320,Isabelle,C,Barnes
8327,Isabelle,K,Henderson
8400,Jack,,Carter
8435,Jack,L,Hayes
8438,Jack,L,Wang
8450,Jack,S,Richins
8482,Jackson,A,Foster
8557,Jacob,,Martinez
8560,Jacob,,Rodriguez
8563,Jacob,C,Thomas
8640,Jacquelyn,L,Ruiz
8720,Jaime,E,Jimenez
8782,James,,Kumar
8784,James,,Mitchell
8800,James,B,Bailey
8804,James,C,Evans
8810,James,D,Kramer
8929,Jane,P,Greer
8960,Janet,B,Ramos
9000,,,
9023,Jarrod,,Rana
9040,Jasmine,,Butler
9164,Javier,P,Ortega
9169,Jay,,Carlson
9200,Jay,D,Alvarez
9280,Jenna,M,Lopez
9360,Jennifer,L,Morgan
9399,Jenny,,Zimmerman
9411,Jenny,E,Tang
9423,Jenny,S,Liang
9440,Jeremiah,,Lopez
9520,Jeremy,S,Wright
9530,Jermaine,A,Kapoor
9536,Jermaine,E,Patel
9541,Jermaine,J,Perez
9600,Jesse,,Morgan
9664,Jessica,,Rodriguez
9680,Jessica,A,Hughes
9765,Jésus,K,Munoz
9777,Jill,,Gomez
9840,Jimmy,,Carlson
9920,Jocelyn,,Gonzales
9941,Jodi,,Deng
9964,Joe,,Gutierrez
10000,Joe,L,Lopez
10080,John,T,Kane
10122,Johnny,G,Kumar
10125,Johnny,L,Andersen
10137,Jon,,Goel
10182,Jonathan,,Butler
10240,Jonathan,J,Bryant
10241,Jonathan,J,Hernandez
10320,Jordan,J,Hill
10366,Jordyn,S,Coleman
10372,Jorge,,Leitão
10471,José,G,Lopez
10480,Joseph,,Rodriguez
10482,Joseph,,White
10491,Joseph,J,Cantoni
10560,Joyce,,Jarvis
10640,Julia,A,Price
10700,Julian,,Jenkins
10720,Julie,,Becker
10723,Julie,,Jai
10726,Julie,,Shen
10738,Julie,M,Luo
10845,Kaitlyn,,Allen
10856,Kaitlyn,,Harris
10880,Kaitlyn,A,Carter
10960,Karen,,Berge
10964,Karen,,Huang
10973,Karen,A,Roberts
11040,Karl,,Raje
11086,Kate,,Becker
11092,Kate,,Raje
11098,Kate,J,Nath
11120,Katelyn,,Rogers
11200,Katherine,A,King
11241,Katherine,R,Cook
11264,Kathleen,A,Rubio
11280,Kathryn,,Deng
11339,Katrina,M,Sharma
11360,Kayla,,Taylor
11446,Keith,,Lal
11452,Keith,,Tang
11464,Keith,R,Pal
11520,Kellie,,Torres
11600,Kelvin,A,He
11680,Kevin,,Baker
11699,Kevin,,Patterson
11760,Kimberly,J,Cooper
11782,Krista,,Gill
11818,Kristen,R,Li
11840,Kristi,A,Saunders
11920,Kristine,F,Alvarez
11928,Kristopher,,Martinez
12000,Kurt,,Yuan
12053,Kyle,J,Holt
12065,Kyle,T,Young
12158,Larry,S,Gomez
12160,Larry,T,Alvarez
12172,Latasha,,Suarez
12240,Lauren,,Cook
12300,Lauren,W,Cooper
12320,Lawrence,S,Alonso
12400,Leslie,,Ortega
12419,Levi,,Gonzalez
12423,Levi,,Prasad
12425,Levi,,Sai
12543,Lisa,S,Chen
12560,Logan,,King
12640,Lori,C,Alvarez
12654,Louis,,Hu
12779,Lucas,P,Rodriguez
12800,Luis,,Hayes
12880,Luke,C,Edwards
12892,Luke,J,Simmons
12941,Mackenzie,A,Adams
12960,Mackenzie,M,Carter
12964,Mackenzie,M,Ramirez
13000,Madison,,Foster
13014,Madison,A,Griffin
13026,Madison,J,Hughes
13040,Madison,S,Powell
13145,Marc,,Romero
13200,Marcus,,Hall
13261,Marcus,L,Peterson
13280,Marcus,T,Gray
13380,María,,Flores
13440,Marie,,Moreno
13482,Mario,H,Rai
13507,Marissa,,Price
13520,Mark,,Lee
13600,Martin,,Rodriguez
13615,Martin,P,Patel
13627,Marvin,C,Gomez
13680,Mary,S,Green
13700,Mason,,Wright
13723,Mason,M,
13752,Matthew,,Harris
13760,Matthew,,White
13840,Mayra,J,Kovar
13845,Mayra,S,Sanchez
13920,Megan,L,Stewart
13981,Melanie,B,Russell
13987,Melanie,H,Coleman
14000,Melanie,N,Alexander
14023,Melinda,T,Jimenez
14080,Melody,A,Dominguez
14160,Micah,,Chen
14230,Michael John,R,Troyer
14234,Micheal,,Hernandez
14240,Micheal,,Travers
14241,Micheal,,Vazquez
14264,Michele,,Raji
14320,Michelle,,Reed
14341,Michiko,F,Osada
14353,Miguel,,Gonzalez
14480,Miranda,L,Simmons
14560,Monica,C,Prasad
14579,Monique,,Torres
14588,Monique,R,Moreno
14664,Morgan,M,Hill
14687,Mya,,Coleman
14707,Nancy,,Buchanan
14720,Nancy,E,Chapman
14782,Natalie,,Reed
14800,Natalie,A,Sanders
14809,Natalie,E,Williams
14880,Nathan,,Kumar
14942,Nathan,W,Garcia
14954,Nathaniel,C,Howard
14960,Nathaniel,K,Morris
15061,Nicolas,,Raje
15120,Nicole,D,Murphy
15182,Noah,,Bryant
15194,Noah,,Jones
15200,Noah,,Phillips
15280,Olivia,,Perry
15300,Olivia,D,
15302,Olivia,E,Howard
15308,Olivia,K,Cox
15314,Olivia,L,Morgan
15360,Omar,L,Tang
15423,Pablo,,Rovira Diez
15440,Paige,,Ramirez
15520,Patricia,M,Zubaty
15543,Patrick,L,Sanders
15600,Pedro,,Romero
15651,Peter,E,Black
15668,Philip,,Navarro
15680,Philip,M,Gutierrez
15723,Preston,,Perez
15760,Priscilla,R,Raji
15840,Rachel,L,Ramirez
15915,Ramon,,She
15941,Randall,A,Ruiz
15964,Randy,,Zhang
16000,Raul,,Xu
16034,Raymond,W,Madan
16080,Rebekah,A,Suri
16150,Renee,,Alonso
16240,Richard,,White
16266,Richard,J,Martinez
16269,Richard,L,Cooper
16281,Richard,M,Brown
16400,Robert,A,Chen
16480,Robin,,Hernandez
16482,Robin,,Ortega
16516,Rodney,,Sanz
16560,Roger,E,Raje
16629,Rosa,,Cai
16640,Rosa,A,Lu
16641,Rosa,A,Zhao
16720,Roy,C,Romero
16800,Russell,,Xu
16870,Ryan,C,Davis
16876,Ryan,E,Chen
16880,Ryan,H,Long
16881,Ryan,J,Alexander
16960,Samantha,K,Taylor
16989,Samuel,,Sharma
16995,Samuel,,Young
17000,Samuel,B,Johnston
17023,Samuel,L,Robinson
17040,Samuel,V,Russell
17120,Sara,M,Murphy
17123,Sara,P,Cox
17200,Savannah,E,Turner
17230,Scott,,Mitchell
17242,Sean,,Green
17280,Sean,L,Reed
17338,Seth,,Bennett
17360,Seth,,Perry
17440,Shane,E,Malhotra
17477,Shannon,D,Ye
17520,Sharon,M,Raje
17541,Shaun,N,Andersen
17596,Sheena,,Chande
17600,Sheena,,Lal
17602,Sheena,,Nath
17664,Shelley,N,
17680,Sierra,,Hernandez
17723,Spencer,,Bennett
17760,Stacey,,Ye
17840,Stefanie,T,Mehta
17843,Stephanie,,Alexander
17849,Stephanie,,Cook
17920,,,
17953,Steven,,Watson
17956,Steven,B,Levy
17968,Steven,L,Peterson
18000,Summer,M,Rana
18080,Sydney,,Edwards
18160,Sylvia,A,Caldwell
18182,Tabitha,A,Gonzalez
18197,Tabitha,M,Rodriguez
18203,Tabitha,Y,Rana
18240,Tamara,L,Chander
18300,Tara,,Xie
18320,Tasha,,Shan
18322,Tasha,,Yuan
18400,Taylor,M,Henderson
18450,Terrance,L,Garcia
18480,Terri,L,Duffy
18557,Thomas,,Davis
18560,Thomas,,Gonzales
18568,Thomas,,Li
18569,Thomas,,Martinez
18700,Timothy,L,Sanders
18720,Tina,C,Malhotra
18723,Tina,J,Lopez
18800,Toni,J,Rodriguez
18804,Toni,M,Sullivan
18917,Trish,E,Pederson
18923,Trisha,,Sun
18929,Trisha,A,Li
18941,Tristan,,Butler
18960,Tristan,M,Wood
18964,Troy,,Chandra
19025,Tyrone,B,Ruiz
19040,Valerie,,Lin
19158,Victoria,,Powell
19170,Victoria,,Williams
19200,Victoria,M,Rodriguez
19241,Virginia,,Rodriguez
19264,Walter,,Jimenez
19280,Walter,S,Navarro
19295,Warren,,Zhao
19360,Wendy,,Sanz
19410,Whitney,C,Sanchez
19440,William,K,Sotelo
19482,Willie,R,Gao
19520,Wyatt,,Thompson
19530,Wyatt,C,Campbell
19600,Xavier,,White
19640,Xavier,M,Smith
19680,Yvonne,,McKay
